{"cameraMode":{"drawMode":0,"name":"Shaded","section":"Shading Mode"},"sceneLighting":true,"audioPlay":false,"sceneViewState":{"showFog":true,"showMaterialUpdate":false,"showSkybox":true,"showFlares":true,"showImageEffects":true,"showParticleSystems":true},"in2DMode":false,"pivot":{"x":412.5210876464844,"y":143.14418029785157,"z":195.70401000976563},"rotation":{"x":-0.3518969416618347,"y":0.6261349320411682,"z":-0.3766011595726013,"w":-0.5850619077682495},"size":202.1219482421875,"orthographic":false}